"company","price"
"SFM",160.87
"INSM",71.75
"CRDO",36.65
"PCVX",30.07
"RKLB",19.68
"FTAI",93.38
"CRS",172.71
"AIT",222.38
"FN",184.31
"SSB",85.09
"FLR",33.96
"GTLS",127.05
"MLI",70.78
"HQY",83.93
"IONQ",25.445
"GKOS",90.32
"EXLS",45.055
"ENSG",128.58
"SPSC",129.2
"BPMC",83.42
"MOD",75.77
"BECN",123.54
"UFPI",105.14
"ONB",19.63
"CVLT",150.05
"SPXC",128.42
"HALO",58.825
"RVMD",36.44
"EAT",154.025
"TMHC",56.5
"RMBS",45.6
"LNTH",100.39
"AUR",6.24
"COOP",111.44
"CWST",118.325
"BMI",200.4047
"CSWI",297.21
"RHP",85.54
"ANF",71.84
"ALTM",5.84
"TRNO",57.83
"HLNE",138.78
"JXN",72.99
"MDGL",301.41
"FSS",75.56
"NXT",40.2
"ALTR",111.85
"GPI",396.78
"JBTM",95.115
"ESNT",55.15
"KNF",92.35
"MMSI",91.15
"HRI",117.6
"STRL",139.695
"MTH",65.295
"HIMS",27.305
"LUMN",3.305
"GBCI",39.78
"CHX",25.52
"CMC",42.24
"GH",44.86
"WTS",197.41
"SIGI",89.64
"GATX",147.005
"MARA",12.535
"ZWS",29.96
"QTWO",75.24
"ACIW",51.43
"HOMB",26.78
"EPRT",32.21
"BE",17.14
"SMTC",26.36
"CYTK",38.84
"UPST",40.4007
"DY",156.58
"PIPR",225.4
"UMBF",91.76
"NOVT",114.6
"QLYS",120.85
"TENB",31.555
"KRG",21.46
"BBIO",33.5
"BCPC",161.65
"UBSI",33.63
"PRMB",33.66
"OPCH",32.22
"ABG",219.83
"KTOS",33.305
"BIPC",35.35
"ALKS",27.09
"AVAV",146.293
"HWC",48.65
"CWAN",23.15
"LRN",136.92
"SOUN",7.889
"WK",67.7
"CORT",62.73
"CADE",28.03
"BCC",93.75
"CNR",74.865
"BOOT",91.272
"CTRE",28.79
"KTB",55.35
"RDN",31.78
"AROC",24.38
"BDC",93.97
"IBP",157.26
"ITRI",102.87
"VRNS",40.49
"ACA",77.84
"CBT",78.78
"MAC",14.76
"SKY",81.905
"SM",23.045
"ITGR",116.82
"SITM",129.24
"NSIT",134.19
"FFIN",32.79
"PRIM",56.96
"SLG",52.225
"AEIS",86.8
"EXPO",78.31
"MMS",67.575
"NJR",50.1304
"SHAK",82.59
"NE",20.25
"SKYW",85.66
"MATX",99.5
"SLAB",90.335
"CALM",91.875
"SANM",74.905
"MGY",21.35
"SFBS",70.125
"PECO",36.25
"VLY",8.2699
"FTDR",39.71
"KBH",51.47
"IDCC",191.83
"FELE",87.21
"KAI",305.645
"FCFS",122.39
"BOX",29.73
"AHR",30.655
"VRRM",21.37
"SWX",74.48
"MUR",21.46
"RDNT",50.28
"STEP",47.42
"MC",51.918
"IRT",19.2
"GEO",29.65
"POR",43.57
"ESGR",333.6252
"ABCB",53.4
"CNX",31.115
"NARI",79.97
"TXNM",53.7164
"FUN",32.9799
"CNO",38.71
"WHD",38.49
"RXO",13.2873
"PLXS",122.63
"GVA",77.61
"BCO",87.885
"ASB",19.98
"TGTX",38.04
"SBRA",18.095
"CBZ",77.68
"BKH",61.07
"SR",78.4307
"ENS",82.99
"ASGN",58.18
"GLNG",38.04
"NOG",24.385
"OGS",78.484
"CVCO",481.13
"AVNT",31.463
"PJT",130.47
"KRYS",166.655
"ALE",64.97
"ASO",37.68
"AXSM",105.26
"AX",60.15
"INTA",51.215
"PBH",80.45
"ATGE",106.645
"AI",19.3946
"ORA",71.47
"MIR",13.87
"JOBY",5.8692
"NPO",145.43
"FRSH",12.61
"URBN",49.0633
"ADMA",21.165
"RIOT",6.3713
"KFY",60.9
"MWA",25.16
"RUSHA",51.87
"CRC",35.895
"MHO",106.0866
"HAE",57.98
"ATMU",33.53
"LBRT",12.4399
"UCB",24.6701
"ICUI",139.95
"PTEN",6.165
"ROAD",77.295
"IBOC",59.11
"TDS",36.365
"POWI",45.22
"RELY",19.78
"TCBI",65.4295
"PTCT",46.79
"SKT",32.42
"SRRK",30.505
"BHVN",20.195
"ESE",151.04
"REZI",15.76
"BL",44.55
"APLE",11.835
"TPH",29.6
"IRTC",101.92
"CARG",26.79
"HP",20.6702
"CRNX",29.93
"PCH",40.025
"SATS",21.93
"SMPL",36.835
"EBC",14.78
"FUL",53.91
"ABM",46.3365
"LANC",187.72
"VCYT",31.21
"CDP",26.4485
"UNF",173.44
"GMS",70.9599
"NWE",58.92
"ZETA",11.39
"SYNA",48.687
"DORM",111.655
"RNA",26.53
"FORM",25.63
"CCOI",53.5
"OSCR",12.1382
"TEX",34.868
"ACVA",14.275
"UEC",5.0063
"CNK",28.29
"FULT",16
"OTTR",79.405
"TRN",25.5301
"CBU",53.43
"HL",5.845
"RYTM",61.15
"PI",67.98
"SXT",74.47
"MGEE",91.425
"BXMT",18.3234
"WDFC",223.1675
"PATK",79.8262
"ATKR",58.55
"AMBA",42.97
"VERX",39.21
"TWST",37.185
"PBF",15.43
"PRCT",52.84
"SNEX",80.32
"BLKB",61.75
"HASI",24.1624
"AEO",10.695
"WD",73.605
"TGNA",16.14
"BNL",16.16
"HBI",4.415
"NMIH",33.7455
"OSIS",194.66
"CRVL",116.3871
"BGC",8.39
"AUB",24.785
"SHOO",19.8559
"BRZE",28.91
"TNET",77.105
"VSCO",16.17
"SG",18.75
"HGV",33.023
"PTON",5.345
"VAL",31.9148
"MGRC",105.565
"PFSI",95.99
"NHI",75.31
"ALIT",4.985
"NUVL",71.2373
"GHC",911.915
"GFF",68.68
"ALRM",50.515
"CORZ",6.535
"WSFS",47.94
"FBP",18.245
"HCC",48.66
"DNLI",12.72
"HEES",90.79
"NVCR",15.68
"NSP",79.565
"IOSP",86.05
"BUR",13.83
"SLVM",60.57
"ENVA",92.29
"CLSKW",0.1936
"AVA",42.19
"ACLX",60.88
"FOLD",6.825
"CVBF",17.68
"VCEL",41.4478
"OUT",14.52
"VCTR",56.78
"RIG",2.285
"DIOD",34.255
"DRS",36.37
"HUBG",32.565
"CATY",38.73
"SFNC",17.553
"BWIN",42.6155
"PAYO",6.3488
"AKR",19.8
"FCPT",28.3
"POWL",166.77
"OII",18.0073
"TDW",34.545
"BKU",31.02
"APAM",35.38
"CRGY",8.4563
"PLMR",149.651
"LIVN",35.4301
"GT",9.6837
"ASTS",22.88
"USD",33.0071
"WNS",66.775
"LCII",77.7999
"AWR",80.1817
"GNW",6.68
"SDRL",20.73
"INDB",55.845
"CPK",135.7
"UE",18.24
"TTMI",18.75
"CON",20.5301
"SIG",55.715
"IPAR",104.235
"FIBK",26.08
"ARWR",11.16
"AZZ",81.4452
"NEOG",4.405
"COMP",7.45
"DOCN",27.47
"BOH",65.2026
"CNS",75.8
"KNTK",44.53
"TBBK",45.4601
"YELP",33.04
"CWT",50.9
"CAKE",47.75
"AIN",64.35
"IESC",184.135
"TOWN",31.7502
"FFBC",22.6177
"CPRX",22.43
"GPOR",173.8815
"HI",20.4801
"LAUR",19.245
"ENR",26.73
"MYRG",114.99
"SWTX",38.18
"LXP",7.815
"STNE",12.035
"KLIC",29.2301
"CDE",6.015
"JBLU",3.6444
"HNI",41.41
"AIR",53.3741
"SMR",14.45
"BTU",12.7801
"BANF",109.57
"PRK",144.32
"PDCO",31.33
"RPD",22.525
"ZD",30.78
"PAR",56.05
"EPAC",38.72
"MTX",56.735
"SHO",8.305
"ARCB",60.78
"FRME",35.6811
"NATL",24.81
"AVPT",14.53
"CXW",22.275
"ICFI",82.63
"RRR",40.9687
"CALX",33.815
"VIAV",9.915
"WRBY",14.31
"TNDM",16.93
"PRVA",23.6815
"VC",71.5637
"ACHR",7.175
"ACLS",44.565
"FLG",10.4736
"GSHD",107.269
"PRGS",56.0741
"WERN",28.418
"HWKN",120.7443
"CURB",23.14
"IVT",27.5682
"SBCF",22.9412
"SMMT",24.3799
"ACAD",14.65
"PSMT",92.94
"EXTR",11.5
"FLYW",8.86
"KAR",18.9
"PPBI",19.19
"MRCY",48.265
"RAMP",25.034
"HURN",141.03
"AGX",145.765
"PTGX",46.07
"SXI",137.555
"MBC",11.61
"AMR",122.5326
"ADUS",100.9
"MGNI",11.295
"ROIC",17.49
"GBX",43.27
"CCS",59.53
"STRA",80.095
"VSH",11.195
"BANR",59.8501
"PLUS",58.8918
"RNST",28.26
"AGYS",69.6579
"EFSC",48.67
"CNMD",48.54
"RGTI",8.3277
"YOU",26.64
"JJSF",134.93
"STNG",35.11
"PFS",15.5
"PHIN",41.47
"SEM",16.35
"MTRN",79.065
"BANC",13.185
"KYMR",25.54
"NBTB",39.78
"HUT",11.09
"TMDX",86.6173
"EVTC",32.78
"RUN",6.47
"OSW",16.955
"BEAM",17.025
"AGIO",27.33
"WAFD",28.03
"LGND",105.32
"HLMN",7.705
"ENVX",5.93
"CRK",19.765
"OMCL",30.3
"IGT",16.02
"EWTX",13.28
"IDYA",16.6
"SYBT",67.96
"TRMK",32.76
"KWR",101.9701
"UPWK",12.8
"WSBC",28.475
"TGLS",68.295
"LZB",38.225
"SUPN",30.69
"LMAT",86.2
"FBK",40.75
"MIRM",39.175
"IIPR",51.42
"CABO",255.4931
"ATRC",32.05
"MXL",10.16
"ALKT",24.955
"LC",9.57
"DRH",7.015
"GOLF",59.285
"UFPT",208.395
"VSEC",108.7299
"OFG",35.7004
"KMT",18.81
"NMRK",10.45
"RXRX",5.395
"LGIH",56.2279
"CHEF",53.82
"GRBK",56
"BATRK",38.51
"ABR",11.025
"ALG",168.6072
"NEO",9.59
"ROCK",52.1848
"DEI",14.15
"VYX",7.92
"DBRG",8
"CASH",70.83
"AGM",172.91
"REVG",29.96
"AVDX",7.62
"PRM",9.92
"TARS",49.42
"ROG",53.7431
"WWW",10.79
"PRKS",44.165
"LTH",31.4
"APLD",3.94
"GERN",1.23
"AKRO",37.265
"MQ",3.865
"FL",11.73
"NGVT",31.588
"TDOC",6.855
"TFIN",47.6
"FBNC",37.19
"JOE",42.6901
"LMND",26.84
"IART",15.81
"PRG",26.34
"PGNY",21.32
"DAN",11.54
"OI",10.995
"DFIN",41.78
"LKFN",53.17
"CHCO",113.865
"SONO",8.02
"BHE",35.89
"KN",14.39
"IOVA",3.0463
"CWK",8.3314
"DVAX",10.48
"SPT",19.4201
"PEB",8.69
"WLY",42.82
"CSGS",60.55
"PD",14.89
"NWBI",11.395
"WKC",23.7111
"WULF",2.3144
"STR",17.015
"PLUG",0.9308
"ASAN",14.9499
"NNI",105.54
"UCTT",18.76
"EPC",30.07
"NTB",37.8
"WAY",36.75
"PRDO",25.62
"TRUP",34.85
"ASTH",31.015
"UNFI",24.62
"KOS",1.8083
"AESI",14.32
"NTCT",19.9605
"THS",22.03
"FCF",14.67
"SKWD",54.74
"TNC",70.3235
"ALGT",44.04
"GEF",51.25
"BCRX",7.445
"SSRM",10.895
"SGRY",21.32
"UPBD",20.62
"MNKD",4.515
"CENTA",30.97
"MLKN",15.8001
"CLDX",18.14
"TVTX",14.655
"CUBI",45.6
"VRNT",16.0775
"XHR",9.9399
"BFH",47.04
"NIC",110.865
"KGS",34.85
"STC",65.9
"RLJ",6.955
"LTC",35.55
"APGE",32.155
"ADNT",11.42
"VERA",21.185
"PHR",24.04
"NWN",43.02
"HE",10.575
"TALO",7.405
"CTS",37.524
"GTY",29.185
"HELE",33.43
"VRTS",149.87
"SJW",54.6
"VITL",32.85
"CODI",16.58
"SASR",27.95
"INSW",33.2122
"HLIO",26.5
"NBHC",35.4369
"HOPE",9.53
"NVAX",5.895
"ANDE",38.15
"ALHC",18.32
"ADEA",11.93
"TCBK",37.167
"BKE",34.4533
"ARQT",12.975
"LNN",124.655
"CGON",20.865
"WT",8.205
"DNOW",16.1
"STEL",25.7693
"VECO",18.144
"GNL",7.645
"SPNT",16.64
"COCO",31.45
"PLAB",17.815
"HMN",40.1249
"VSAT",8.435
"AMRX",7.335
"DHT",10.405
"XMTR",22.03
"HRMY",28.31
"SOC",20.055
"TILE",18.635
"TGI",24.795
"NRIX",9.985
"WGO",30.63
"MSGE",30.5139
"UNIT",4.775
"PWP",15.83
"MTTR",5.38
"AMPH",23.49
"SDGR",25.75
"MCY",54.015
"HTH",28.67
"GSAT",19.4078
"WABC",45.69
"ZUO",10.02
"FSLY",5.39
"CSTM",8.625
"APPN",26.35
"ATEN",15.87
"IMVT",15.12
"VRDN",12.8999
"XNCR",9.4701
"LEU",67.4083
"VBTX",21.85
"QCRH",67.06
"ALEX",16.8389
"SCL",47.59
"SABR",2.065
"INFN",6.64
"HLIT",8.868
"CBRL",41.8
"PRAX",32.47
"USPH",67.95
"DXPE",80.12
"PZZA",31.345
"STBA",34.5987
"LADR",10.24
"AAOI",10.485
"XPRO",8.69
"WOR",47.51
"CWH",11.99
"ESRT",7.19
"SFL",7.815
"VICR",47.22
"ELME",15.385
"NSSC",21.79
"WTTR",8.67
"UMH",17.36
"PAGS",8.4725
"BUSE",20.105
"AMWD",56.205
"ARDX",4.779
"FUBO",2.94
"MRC",11.105
"ARI",8.3237
"GDYN",13.17
"USLM",91.091
"CRAI",163.13
"COMM",3.335
"JANX",29.535
"CMPR",42.18
"BLBD",33.705
"OCUL",7.16
"HLX",6.865
"APOG",45.7195
"INMD",14.83
"GIII",24.095
"SLNO",68.435
"TWO",11.01
"AIV",7.8501
"JBGS",15.05
"UVV",51.49
"TROX",5.305
"MD",12.9801
"SCSC",31.85
"FOXF",19.7001
"OXM",44.61
"LOB",24.26
"JAMF",10.845
"VRE",15.82
"PCT",6.04
"RVLV",19.63
"DK",12.99
"ATEC",10.46
"THRM",24.415
"AAT",19.19
"ECPG",30.225
"AORT",23
"NHC",93.14
"PEBO",27.935
"CDNA",17.75
"KALU",54.419
"RC",4.375
"AMC",2.815
"BHLB",23.6875
"SAFT",76.24
"SNDX",10.97
"SPHR",25.41
"STAA",16.7028
"EVH",8.985
"CARS",11.34
"DGII",26.1935
"DESP",19.094
"QNST",16.0516
"RXST",14.4199
"DCOM",25.2996
"COUR",7.315
"TPC",21.35
"ARLO",9.19
"GABC",36.1999
"OBK",30.535
"BTSG",16.723
"SBH",8.1
"CIM",11.2935
"ARVN",8.4689
"MODG",6.15
"NTLA",7.16
"DBD",42.325
"PMT",12.98
"MYGN",7.715
"CNNE",17.415
"AGL",3.355
"XRX",3.945
"COHU",14.03
"BBSI",40.725
"IRON",41.13
"ATSG",22.48
"DYN",8.065
"OCFC",15.81
"OMI",6.89
"CIFR",2.34
"PRO",16.175
"GBTG",6.675
"SRCE",54.745
"PDM",6.56
"KLG",19.58
"IBTA",47.1
"DEA",8.235
"JBI",6.395
"SCS",9.77
"LFST",6.705
"EMBC",11.37
"LZ",6.99
"FA",13.52
"PENG",15.98
"EVRI",13.775
"GOGL",7.195
"WVE",5.9
"UUUU",4.8201
"WINA",343.71
"RSI",11.79
"LMB",86.62
"BLX",38.1001
"EIG",48.515
"INOD",33.6875
"HCI",146.24
"XPEL",26.085
"FBMS",33.81
"AUPH",7.702
"FDP",32.12
"ARRY",4.285
"NTST",16.43
"PCRX",24.94
"NAVI",11.29
"ANIP",69.695
"KW",6.8508
"MDXG",6.71
"CENX",15.83
"AMN",18.6
"NVEE",15.855
"UTI",27.885
"MCRI",76.325
"DOLE",13.9043
"AMSC",18.17
"AHCO",7.75
"EFC",12.215
"CMCO",13.035
"CXM",7.1444
"MFA",8.96
"NX",16.205
"HROW",23.9307
"WMK",82
"CSR",58.55
"SGHC",7.48
"IMAX",22.6001
"BLFS",22.31
"KFRC",44.0845
"SAH",59.365
"PL",3.215
"VIR",5.45
"TRS",20.4452
"INVA",18.34
"PRLB",33.475
"PFC",28.04
"FBRT",11.31
"DLX",14.6052
"ARR",14.305
"DX",11.761
"COLL",27.195
"AMSF",49.78
"PARR",13.21
"WGS",95.95
"CCB",83.77
"VTLE",15.05
"DRVN",16.335
"WS",24.08
"BLMN",7.915
"ICHR",17.2978
"RDFN",8.59
"BRKL",9.945
"CDRE",30.76
"TNK",39.5
"THR",24.973
"NEXT",7.87
"NN",11.7211
"TPB",57.22
"FIZZ",43.17
"ACT",35.19
"SBSI",27.6167
"BV",13.36
"ADPT",7.51
"BY",24.225
"PLAY",19.965
"UVSP",27.32
"ACMR",19.5
"DCO",56.39
"HSII",38.21
"FMBH",32.525
"AOSL",17.79
"IMKTA",61.81
"BKD",6.265
"EXPI",8.965
"REAL",5.325
"CLB",12.7
"VMEO",4.78
"PUMP",5.475
"BDN",3.775
"MSEX",62.4475
"BXC",72.11
"TRNS",83.85
"LQDA",13.75
"OPEN",0.9541
"CNOB",21.74
"ECVT",5.95
"MMI",31.49
"SEI",19.25
"MRTN",13.34
"MATW",19.81
"UTZ",13.43
"CTBI",47.48
"BLND",3.115
"PNTG",26.02
"CECO",19.07
"TMP",57.12
"EYE",11.6499
"AMTB",18.71
"AMPL",8.24
"PBI",8.125
"LILAK",5.335
"FIHL",16.26
"NXRT",36.495
"SAFE",15.485
"SXC",9.365
"RWT",5.53
"OEC",11.95
"CNXN",60.91
"PDFS",17.3
"PGRE",4.235
"BELFB",69.575
"LPG",20.715
"BHRB",50.5
"VTOL",29.26
"PRAA",16.79
"FLNC",3.625
"REPL",7.72
"FWRD",15.605
"HCSG",9.535
"ADTN",7.46
"MBWM",40.66
"ASIX",20.3
"ZYME",11.39
"JELD",5.135
"COGT",4.285
"ERII",14.935
"SPNS",26.2399
"PRSU",30.5
"NTGR",22.23
"HFWA",21.95
"ASTE",34.16
"AXGN",15.76
"ARIS",26.13
"BZH",18.49
"NBBK",16.54
"FCBC",38.89
"HG",18.515
"SWI",18.49
"UTL",58.78
"FG",34.98
"ELVN",16.44
"BORR",1.965
"GLDD",8.86
"CEVA",23.06
"NVRI",5.9
"SHLS",3.355
"EOLS",10.77
"OLO",6.075
"OSBC",14.78
"AVXL",8.835
"JACK",23.27
"FIGS",4.035
"JBSS",68.27
"IBCP",30.09
"AVBP",18.3792
"CFB",15.99
"HBNC",13.63
"KNSA",20.4
"NG",2.9689
"ML",85.9
"BRSP",4.5
"SYRE",12.62
"DNUT",4.135
"MBUU",26.93
"OSPN",14.4484
"MLR",40.39
"CRMD",7.74
"ROOT",129.1821
"VVX",48.93
"CVI",18.46
"GRC",33.43
"DEC",11.94
"LQDT",31.07
"HCKT",25.95
"DAVE",84.2573
"NBN",89.29
"FIP",3.485
"ODP",13.48
"ORRF",27.155
"HSTM",32.605
"AMRC",9.95
"AAMI",26.8155
"SITC",11.87
"AVDL",7.85
"SSTK",15.425
"RCKT",6.325
"IAS",6.48
"AHH",6.75
"BMBL",4.255
"CFFN",5.25
"RCUS",7.83
"PTVE",18.01
"MLAB",112.67
"MEG",14.7789
"FLNG",23.415
"ASPN",5.2
"PAX",9.96
"INDI",1.915
"IDT",49.7687
"AVNS",12.26
"MBIN",32.565
"HZO",19.025
"INN",3.925
"EGBN",20.299
"CAC",37.785
"AMAL",26.82
"CAL",14.95
"PRA",23.2
"EQBK",36.735
"BASE",14.83
"LYTS",15.89
"HOV",93.69
"BJRI",32.29
"MCW",7.115
"SPRY",14.78
"CTKB",3.66
"UDMY",6.175
"WNC",10.46
"DAKT",12.37
"GCI",3.555
"CSTL",21.675
"STKL",3.875
"MCB",54.2615
"LUNR",7.475
"NABL",6.385
"DFH",21.4
"YEXT",6.15
"GOOD",14.23
"AXL",3.335
"MCBS",27.04
"SIBN",13.64
"WSR",13.315
"GDEN",25.6
"BFST",22.74
"MLNK",16.49
"KOP",25.07
"HLF",6.365
"SNCY",9.145
"PRTA",9.25
"CNDT",2.04
"DJCO",376.09
"SMP",23.765
"RPAY",4.445
"SLQT",3.255
"DAWN",6.775
"RBCAA",64.45
"WEAV",9.34
"ETD",26.365
"PLYM",14.56
"SMBK",28.72
"MNRO",14.01
"ORIC",4.7
"EU",1.355
"PTLO",11.64
"MOFG",27.2452
"PUBM",9.09
"GPRE",3.45
"PLRX",1.43
"ARHS",7.91
"CBL",23.727
"IMXI",12.2937
"PFBC",81.31
"DMRC",11.655
"MRVI",1.72
"BBUC",24.3645
"REX",40.085
"NPKI",5.74
"GCMG",12.475
"HY",38.84
"THFF",44.15
"HTBI",36.55
"VTS",21.1712
"SMBC",49.74
"MTUS",12.88
"PGC",26.13
"HTBK",8.725
"ESQ",80.13
"GNK",12.61
"CASS",39.21
"FARO",24.24
"AIOT",4.8
"OFIX",12.995
"SPTN",19.76
"CPF",25.16
"PSFE",14.475
"KURA",5.83
"QBTS",6.46
"NBR",30.905
"SEMR",8.95
"CCNE",21.36
"ORC",6.56
"WASH",27.57
"CCRN",14.17
"RLAY",2.66
"KREF",9.0399
"ETNB",5.87
"THRY",12
"PLOW",24
"TTI",2.535
"CRNC",7.565
"GSBC",52.84
"CCBG",34.25
"RES",5.075
"MNMD",5.68
"FWRG",19.59
"CLMB",106.79
"FSBC",26.405
"EYPT",5.56
"VERV",4.63
"STGW",5.435
"HAFC",21.445
"SEZL",45.465
"MTAL",8.67
"PX",11.098
"FMNB",12.785
"WLFC",142.14
"TRST",28.58
"IIIV",25.1402
"UFCS",27.23
"LASR",7.27
"ACEL",11.1584
"RGR",39.055
"RYI",22.06
"ARKO",4.06
"INVX",16.11
"CHCT",16.04
"PACS",9.24
"CGEM",7.75
"VREX",7.43
"KLC",11.28
"BHB",29.4
"IIIN",30.1825
"EE",26.79
"BYRN",21.57
"NYMT",5.46
"SHEN",12.9285
"SHBI",12.49
"SCVL",17
"GOGO",7.06
"DNTH",19.34
"FNA",13.105
"CAPR",11.19
"ETWO",1.93
"TIPT",22.49
"HIPO",24.31
"IRWD",0.7229
"IMNM",7.575
"MPB",25.49
"AMBC",7.305
"NFBK",9.74
"HTLD",8.32
"LPRO",0.855
"CMRE",8.97
"ENFN",10.845
"IE",6.18
"RYAM",4.41
"TRTX",7.125
"CSV",39.485
"HTZ",8.519
"BBW",37.41
"NAT",2.515
"MATV",4.715
"RDW",10.04
"AVO",10.21
"SLP",32.83
"EVLV",3.34
"HONE",9.445
"CCO",0.9561
"MSBI",15.75
"AKBA",2.06
"MGPI",27.62
"HNST",4.485
"UVE",23.21
"SBGI",14.185
"DIN",20.135
"SFIX",3.015
"NUVB",1.985
"CTO",18.2152
"BGS",6.535
"SRDX",27.68
"CLFD",26.89
"ALT",4.4882
"ACCO",3.645
"CLW",24.6999
"ZIP",5.52
"AROW",23.5
"RUSHB",57.92
"ATRO",22.365
"PFIS",42.372
"ABUS",3.015
"MCS",16.11
"CLNE",1.405
"CTLP",7.585
"EBF",18.78
"OUST",7.01
"NRDS",8.455
"OMER",6.63
"GCT",12.76
"ACCD",7.02
"LXU",5.16
"UHT",38.515
"WLDN",38.5
"AMRK",23.725
"MXCT",2.595
"SPFI",32.21
"FPI",10.09
"LAB",1.145
"OPK",1.425
"KRUS",58.14
"TTGT",8.195
"NPK",83.82
"SWBI",9.33
"GMRE",7.5
"LIF",37.78
"CCSI",18.945
"REAX",4.66
"PPTA",13.06
"NCMI",5.925
"ALRS",17.08
"XERS",4.17
"NNOX",5.205
"GHM",29.885
"NRIM",73.08
"SVC",1.88
"CLBK",13.34
"ASC",9.08
"WRLD",125.76
"DHC",2.255
"NLOP",28.38
"CRGX",4.6788
"KRNY",5.95
"CVLG",18.37
"SANA",1.64
"HPP",2.305
"GCO",18.855
"ANGO",9.52
"KE",13.17
"MEI",5.69
"NWPX",41.565
"KELYA",11.21
"EVER",22.52
"FOR",18.53
"CMP",11.25
"UIS",3.9001
"BSRR",25.86
"IBRX",2.43
"AGS",12.015
"EGY",3.45
"TMCI",6.56
"MITK",7.7
"PACB",1.205
"EBTC",35.22
"KODK",6.1124
"FBIZ",47.08
"PAHC",17.22
"MYE",9.57
"HAIN",3.005
"BTBT",1.7949
"SCHL",16.125
"DCGO",2.145
"RICK",37.3
"DHIL",129.24
"BMRC",20.35
"CARE",14.83
"HIFS",237.98
"TREE",45.605
"BATRA",42.59
"SPIR",8.76
"OLP",24.48
"BBAI",2.59
"CLDT",6.9
"BIGC",5.1499
"EAF",0.6302
"FISI",22.34
"CRSR",6.07
"KIDS",20.91
"CYH",2.42
"TCBX",29.09
"IVR",6.665
"BALY",16.515
"LINC",17.475
"SHYF",7.51
"URG",0.6943
"ZVRA",7.2
"XPER",6.54
"UNTY",41.5
"ALX",200.135
"GRND",19.29
"LIND",7.995
"HUMA",1.6644
"KIND",1.48
"NVTS",1.795
"ODC",43.2682
"BAND",12.02
"TWI",6.88
"PKST",12.378
"ANNX",1.45
"FFWM",4.99
"FNKO",4.37
"GLRE",13.5
"TRML",15.8085
"ARCT",10.51
"WTBA",19.12
"REPX",25.575
"CENT",35.115
"HBCP",43.61
"RIGL",16.91
"RBB",15.23
"NGVC",47.522
"CVGW",25.21
"ZIMV",9.37
"MTRX",10.99
"SNBR",5.06
"CDXS",2.12
"LESL",0.5662
"GNTY",39.3
"FFIC",11.565
"AMBP",2.725
"HOUS",2.985
"CIVB",20.08
"EHAB",7.72
"USNA",23.95
"TALK",2.725
"IRMD",51.56
"DDD",1.84
"RBBN",3.585
"CMPO",10.67
"ESPR",0.9777
"LMNR",16.04
"TCMD",13.41
"BRY",2.425
"SAGE",7.495
"FMAO",22.735
"ITIC",225.01
"RDVT",36.99
"BFS",33.295
"CWCO",24.2
"BVS",7.775
"URGN",10.0589
"XPOF",7.56
"MVIS",1.1699
"AURA",5.375
"STOK",7.55
"ALNT",21.02
"HBT",22.49
"NECB",22.19
"RGNX",6.03
"LXFR",9.925
"TK",6.6
"NUS",5.595
"KROS",14.15
"QTRX",5.14
"BOW",40.13
"SEAT",2.395
"FC",20.52
"ACNB",40.86
"ULCC",3.18
"ERAS",1.165
"CHPT",0.5768
"LOVE",20.31
"CYRX",5.58
"FRPH",27.08
"CELC",9.79
"LGTY",14.29
"ANAB",20.65
"TBPH",8.59
"SD",9.615
"CTRI",17.17
"EGHT",1.595
"CBAN",14.91
"MTW",7.62
"CWBC",16.17
"HYLN",1.4051
"PRCH",5.3399
"ATXS",4.075
"BOC",14.76
"FLGT",17.7138
"YORW",35.52
"APEI",24.28
"ASPI",5.89
"BWMN",22.17
"ATLC",52.06
"OIS",3.595
"ABSI",3.0711
"SENEA",81.405
"DSGR",26.64
"BCAL",12.63
"TH",6.675
"NOVA",0.178
"RDUS",29.13
"HVT",17.65
"AEHR",8.085
"NEWT",10.205
"FRBA",13.55
"HCAT",3.835
"BKV",17.8
"HNRG",14.42
"CRMT",47.65
"AIP",5.86
"TYRA",8.78
"OOMA",12.4
"PGY",9.59
"FLIC",11.02
"CERS",1.315
"CTV",3.14
"SVRA",2.965
"PLSE",17.68
"BCML",26.51
"ZEUS",30.31
"GDOT",7.42
"CZNC",19.04
"BYON",4.02
"ACRE",3.57
"RMR",15.32
"DSP",12.84
"GIC",21.65
"WOOF",3.135
"PBPB",8.07
"TITN",16.255
"MCFT",15.86
"DENN",3.045
"TERN",2.385
"LENZ",24.45
"RM",31.245
"SEPN",6.08
"TRDA",8.2
"MAX",7.73
"ULH",26.2351
"FSBW",38.79
"FNLC",23.34
"TRC",16.38
"EVGO",2.5663
"LAND",9.57
"GTN",3.39
"TBCH",10.905
"CBNK",27.77
"CMTG",2.375
"AMCX",6.14
"COFS",26.36
"IPI",29.2717
"SFST",31.82
"ACIC",11.135
"NVEC",56.935
"MOV",13.28
"CDXC",7.87
"KALV",11.935
"SKYT",6.755
"ORN",5.94
"SIGA",5.995
"GRNT",5.015
"CMPX",1.735
"TRUE",1.2937
"SMRT",0.8191
"RGP",5.36
"INBK",23.83
"NGS",19.83
"MLYS",13.19
"LOCO",9.5598
"OBT",23.68
"ASUR",9.435
"MNTK",2.06
"SSBK",31.79
"PLBC",41.02
"BKSY",7.12
"CZFS",55.66
"OABI",1.775
"CRCT",4.155
"BWB",13.36
"PLPC",137
"OSUR",3.01
"SWIM",4.98
"ATEX",32.755
"VLGEA",35.2366
"EB",2.235
"SPOK",15.595
"ADV",1.245
"SMLR",32
"PHAT",4.165
"PKBK",17.83
"HRTG",18.645
"MBI",4.32
"KOD",2.71
"DOMO",6.92
"MGTX",5.45
"VPG",20.52
"INGN",6.81
"IMMR",7.145
"VMD",6.62
"FRST",8.285
"TSHA",1.24
"DH",2.525
"NRC",10.82
"CTOS",3.715
"PCB",18.65
"AMPS",4.99
"PACK",3.475
"SVV",9.21
"REFI",13.915
"FULC",3.165
"PDLB",11.24
"BLZE",4.7
"CPS",12.26
"RNGR",12.845
"ZUMZ",12.7867
"AVAH",4.51
"ORGO",4.215
"HDSN",5.525
"OB",3.185
"TSBK",29.21
"GETY",1.735
"WSBF",12.185
"ALDX",2.11
"BARK",1.225
"DGICA",18.29
"VNDA",4.375
"VYGR",3.115
"PKE",13.29
"QSI",1.15
"FDMT",3.045
"TRAK",20.2078
"FSTR",20.29
"SLDP",1.095
"MVBF",16.105
"RRBI",50.96
"BYND",2.795
"DBI",2.6556
"MAMA",6.445
"IHRT",1.02
"CBLL",14.91
"JMSB",14.415
"ALLO",1.46
"IRBT",1.911
"GRPN",19.17
"RLGT",5.74
"LWLG",0.9238
"AVIR",3.005
"CVRX",6.23
"ILPT",2.64
"TRVI",6.02
"FLXS",31.89
"TBI",4.245
"CRDA",NA
"AQST",2.545
"BWFG",29.05
"KRRO",13.57
"YMAB",4.705
"LUNG",4.655
"OLMA",4.39
"CCCC",1.205
"BLFY",9.01
"FREY",1.53
"ASLE",6.785
"OPFI",8.355
"EVCM",10.07
"ONIT",30.03
"RCEL",9.075
"KRO",6.935
"GLUE",4.42
"JAKK",18.77
"GAMB",12.085
"APPS",3.115
"LILA",5.3401
"FDBC",37.83
"OLPX",1.22
"BSVN",35.745
"OCGN",0.675
"LZM",3.1
"FVR",12.87
"WOW",4.527
"QUAD",5.25
"NRGV",0.6588
"BLDE",2.615
"BCBP",9.56
"BCAX",11.895
"LEGH",24.405
"REI",0.8922
"EWCZ",3.355
"AVNW",17.2501
"PCYO",10
"PKOH",18.68
"EVEX",3.7
"ALCO",29.3
"FLWS",5.32
"BRT",15.675
"WEST",5.56
"ISTR",16.36
"KLTR",2
"SGC",10.34
"ONL",1.6135
"INSE",7.64
"HRTX",1.815
"VSTM",5.58
"NWFL",22.85
"NPWR",2.025
"ANIK",13.81
"WBTN",8.52
"HMST",10.94
"AMPY",2.5
"CIO",4.78
"TG",7.175
"ARAY",1.47
"PINE",16.4773
"BBCP",6.21
"LCNB",14.095
"ALTG",4.1699
"CDZI",2.72
"SB",3.32
"ITOS",6.47
"RMAX",7.39
"PSTL",13.46
"CHMG",41.98
"MEC",12.37
"MG",9.35
"SEVN",11.94
"USCB",17.11
"NNE",20.04
"IBEX",23.4287
"CATX",1.85
"HPK",9.4551
"GCBC",21.45
"ONEW",13.32
"OVLY",23.95
"XOMA",21.45
"MGNX",1.205
"KRT",24.6
"GNE",15.16
"FET",15.7
"FVCB",9.97
"NKSH",25
"LE",9.1756
"NXDT",3.747
"BPRN",29.035
"TLS",2.4937
"MITT",6.265
"WEYS",28.5
"RNAC",10.53
"MBCN",24.11
"JRVR",4.335
"FORR",9.275
"RXT",1.315
"NVRO",5.84
"SAMG",15.065
"RCKY",12.97
"ARDT",12.47
"PRME",1.265
"TTSH",5.35
"ACDC",4.935
"NMRA",0.63
"NATR",11.905
"MFIN",8.7879
"ARQ",3.7
"ONTF",4.54
"ESSA",17.67
"VABK",35.1
"LFMD",5.45
"SMID",29.8986
"PROK",0.7397
"NPCE",10.72
"ATLO",16.91
"SERA",3.4599
"UPB",8.69
"PGEN",1.3909
"MED",12.188
"VEL",17.445
"CTRN",19.82
"FSP",1.5301
"WTI",1.175
"TDUP",3.295
"PRTH",6.94
"CDLX",1.485
"NKTR",0.6437
"STRO",0.5393
"RELL",8.46
"ATNI",17.765
"PANL",4.27
"PHLT",2.48
"VERU",0.5276
"BHR",1.96
"SMHI",4.68
"NGNE",11.37
"DSGN",3.5
"MYPS",1.295
"IAUX",0.618
"FFNW",22.88
"AFCG",5.04
"MYFW",18.775
"EPM",4.355
"FCEL",3.89
"LRMR",1.905
"POWW",1.405
"JOUT",22.27
"LSEA",5.92
"BH",216.806
"RSVR",7.045
"PAL",7.5
"INBX",11.53
"JILL",15.025
"PVBC",10.86
"SRI",3.8
"CADL",4.52
"SES",0.6504
"PLL",6.67
"CHGG",0.5131
"PEBK",26.67
"BRCC",2.1289
"UP",0.8249
"GENC",11.27
"GPMT",1.73
"HBB",18.15
"PESI",8.17
"ALEC",0.9401
"LAW",3.4
"BTMD",3.32
"MDWD",17.49
"MLP",14.81
"TNGX",1.295
"AVD",3.75
"RGCO",21.11
"SLRN",2.205
"DXLG",0.9875
"GPRO",0.5219
"RMNI",3.17
"REKR",0.8156
"FF",3.985
"EVC",1.8755
"ACTG",2.9599
"DC",2.7994
"SSP",2.17
"VTYX",1.045
"CHRS",1.115
"PMTS",25.9
"AOMR",7.9385
"ESCA",14.95
"CRDF",2.865
"SMTI",29.125
"CMCL",13.6
"SPCE",2.525
"INFU",4.895
"NATH",95.7894
"FLL",2.96
"HOFT",8.28
"BOOM",6.55
"ADCT",1.1937
"HLLY",2.06
"LAZR",3.7863
"HSHP",4.57
"ALTI",3.27
"NKTX",1.785
"FATE",1.165
"PBFS",11.0301
"SSTI",15.86
"FENC",5.0701
"TCX",16.05
"NREF",13.64
"QUIK",4.61
"LXEO",2.5009
"SKIN",0.8401
"LNZA",0.174
"EML",19.645
"CRBU",0.7548
"LNKB",6.4402
"CRBP",5.86
"ZNTL",1.315
"III",3.725
"PBYI",2.885
"NRDY",1.435
"BELFA",66.395
"TSVT",4.99
"LFCR",6.4874
"AEYE",11.4611
"VIRC",10.57
"NNBR",1.725
"BMEA",1.676
"RAPP",10.01
"BLNK",0.6911
"GRDN",23.69
"NC",36.77
"MRAM",5.11
"ZYXI",2.13
"ATOS",0.6096
"ZBIO",8.6
"JYNT",10.1
"EGAN",4.61
"MBX",7.52
"EDIT",1.295
"NODK",13.08
"UTMD",52.59
"CLAR",3.2663
"TSQ",6.98
"THRD",5.11
"SKYH",11.23
"OFLX",29.9238
"PNRG",173.85
"CURV",5.635
"STHO",6.41
"ENTA",5.08
"CABA",1.09
"STXS",1.83
"OBIO",2.81
"QIPT",1.95
"KFS",8.04
"CTGO",14.2897
"SCPH",2.555
"SNDA",21.98
"PAMT",14.06
"RILY",3.055
"STRS",17.92
"LWAY",23.99
"CTNM",4.7
"FHTX",3.685
"SBT",4.84
"STEM",0.3756
"GEOS",6.2
"CMT",15.3
"RENB",0.3494
"MAPS",1.055
"SAVA",1.46
"LXRX",0.526
"AEVA",7.265
"BDTX",1.405
"GWRS",10.26
"ANRO",2.245
"SGHT",2.65
"PAYS",2.125
"HFFG",3.9705
"LYEL",0.4397
"TTEC",3.635
"MHLD",0.9584
"ACHV",2.0299
"TCRX",1.365
"TWIN",6.8244
"INMB",7.37
"OPRX",8.49
"ADVM",2.86
"CPSS",8.35
"NAUT",0.7373
"FRGE",8.46
"TAYD",30.82
"LCTX",0.4177
"VRA",1.9209
"EVI",16.1408
"EP",5.25
"LVO",0.6409
"COOK",1.465
"XFOR",0.1916
"ARTV",2.235
"ISPR",2.935
"GRWG",0.8929
"AMTX",1.385
"ALMS",5.0972
"AKYA",1.08
"NOTE",0.6286
"KYTX",1.815
"PYXS",0.945
"DIBS",2.38
"WALD",2.7
"BLUE",4.1237
"ZURA",1.2104
"AGEN",1.945
"TLYS",1.61
"RGLS",2.085
"VTSI",3.8799
"SUNS",9.16
"GOCO",11.15
"TELO",2.4526
"NTIC",6.99
"GLSI",9.075
"EEX",3.64
"QRHC",2.115
"ULBI",4.27
"GUTS",1.1837
"SLDB",2.51
"AIRS",1.6998
"TNYA",0.4671
"MPX",8.18
"VHI",15.9729
"TUSK",2.53
"TPIC",0.7178
"NL",7.655
"INZY",0.9332
"STKS",2.69
"MGX",1.5
"CVGI",0.8632
"HBIO",0.3829
"JSPR",3.96
"ABOS",0.8907
"INNV",2.74
"CSTE",3.0075
"MASS",4.84
"RMBL",2.46
"PRPL",0.568
"XBIT",3.07
"BIOA",3.915
"LCUT",3.85
"ACRV",1.75
"HLVX",1.65
"INO",1.74
"GYRE",8.7
"MRSN",0.3621
"SVCO",4.45
"HQI",10.84
"LVWR",1.98
"AISP",3.5501
"APLT",0.3339
"RDZN",1.075
"MODV",1.025
"CLPR",3.695
"ALXO",0.5676
"STRW",10.87
"DLHC",3.4962
"CLYM",1.32
"CRML",2.245
"GBIO",0.3925
"STTK",0.7471
"SKYE",1.4807
"AVTE",2.735
"OVID",0.2783
"METCB",7.84
"SMXT",1.1399
"ATNM",1.215
"VALU",39.75
"FBLG",1.15
"CBUS",1.62
"HOWL",0.87
"IPSC",0.5393
"VCSA",5.41
"RAPT",0.8078
"ELEV",0.3616
"INH",NA
"GMGI",2.065
"PROP",4.085
"TCI",27.84
"CIX",25.6286
"PEPG",1.3237
"CAMP",1.7
"OTLK",1.465
"SCWO",0.2546
"MKTW",13.57
"BOLD",1.375
"IGMS",1.225
"SWKH",18.077
"IVVD",0.491
"SST",0.3042
"SCLX",5.81
"QTTB",2.07
"DTC",0.125
"ARL",11.29
"GCTS",1.44
"AFRI",8.4663
"SLND",3.15
"GALT",1.385
"LYRA",0.0895
"UHG",2.09
"DTI",1.845
"PRLD",0.82
"OPAD",1.4264
"VRCA",0.4513
"VGAS",3.3489
"CRVO",10.02
"WLLBW",0.63
"CAD",95.879
